id,src,name,genre,plot,rating,year,star,
1,images/Maleficent.jpg,Maleficent ,Action,A vengeful fairy is driven to curse an infant princess  only to discover that the child may be the one person who can restore peace to their troubled land.,7.5,2014,Angelina Jolie  Elle Fanning  Sharlto Copley,
2,images/X-Men-Days-of-Future-Past.jpg,X-Men: Days of Future Past,Action,The X-Men send Wolverine to the past in a desperate effort to change history and prevent an event that results in doom for both humans and mutants.,8.5,2014,Patrick Stewart  Ian McKellen  Hugh Jackman,
3,images/Edge-of-Tomorrow.jpg,Edge of Tomorrow ,Action,An officer finds himself caught in a time loop in a war with an alien race. His skills increase as he faces the same brutal combat scenarios  and his union with a Special Forces warrior gets him closer and closer to defeating the enemy.,8.2,2014,Tom Cruise  Emily Blunt  Bill Paxton,
4,images/Godzilla.jpg,Godzilla ,Action,The world's most famous monster is pitted against malevolent creatures who  bolstered by humanity's scientific arrogance  threaten our very existence.,7.2,2014,Aaron Taylor-Johnson  Elizabeth Olsen  Bryan Cranston,
5,images/Transformers-Age-of-Extinction.jpg,Transformers: Age of Extinction,Action,An automobile mechanic and his daughter make a discovery that brings down the Autobots and Decepticons - and a paranoid government official - on them.,8.3,2014,Mark Wahlberg  Nicola Peltz  Jack Reynor,
6,images/The-Amazing-Spider-Man-2.jpg,The Amazing Spider-Man 2,Action,Peter Parker runs the gauntlet as the mysterious company Oscorp sends up a slew of super villains against him  impacting his life.,7.4,2014,Andrew Garfield  Emma Stone  Jamie Foxx,
7,images/22-Jump-Street.jpg,22 Jump Street,Action,After making their way through high school (twice)  big changes are in store for officers Schmidt and Jenko when they go deep undercover at a local college.,8.1,2014,Channing Tatum  Jonah Hill  Ice Cube,
8,images/Snowpiercer.jpg,Snowpiercer ,Action,In a future where a failed global-warming experiment kills off all life on the planet except for a lucky few that boarded the Snowpiercer  a train that travels around the globe  where a class system evolves.,7,2014,Chris Evans  Jamie Bell  Tilda Swinton,
9,images/Non-Stop.jpg,Non-Stop,Action,An air marshal springs into action during a transatlantic flight after receiving a series of text messages that put his fellow passengers at risk unless the airline transfers $150 million into an off-shore account.,7.1,2014,Liam Neeson  Julianne Moore  Scoot McNairy,
10,images/How-to-Train-Your-Dragon-2.jpg,How to Train Your Dragon 2,Action,When Hiccup and Toothless discover an ice cave that is home to hundreds of new wild dragons and the mysterious Dragon Rider  the two friends find themselves at the center of a battle to protect the peace.,8.8,2014,Jay Baruchel  Cate Blanchett  Gerard Butler,
11,images/X-Men-First-Class.jpg,X-Men: First Class,Action,In 1962  the United States government enlists the help of Mutants with superhuman abilities to stop a malicious dictator who is determined to start world war III.,7.8,2011,James McAvoy  Michael Fassbender  Jennifer Lawrence,
12,images/300-Rise-of-an-Empire.jpg,300: Rise of an Empire,Action,Greek general Themistokles leads the charge against invading Persian forces led by mortal-turned-god Xerxes and Artemisia  vengeful commander of the Persian navy.,6.6,2014,Sullivan Stapleton  Eva Green  Lena Headey,
13,images/Captain-America-The-Winter-Soldier.jpg,Captain America: The Winter Soldier,Action,Steve Rogers struggles to embrace his role in the modern world and battles a new threat from old history: the Soviet agent known as the Winter Soldier.,8.2,2014,Chris Evans  Samuel L. Jackson  Scarlett Johansson ,
14,images/Lone-Survivor.jpg,Lone Survivor,Action ,Marcus Luttrell and his team set out on a mission to capture or kill notorious Taliban leader Ahmad Shah  in late June 2005. Marcus and his team are left to fight for their lives in one of the most valiant efforts of modern warfare.,7.7,2013,Mark Wahlberg  Taylor Kitsch  Emile Hirsch,
15,images/Pompeii.jpg,Pompeii ,Action,A slave-turned-gladiator finds himself in a race against time to save his true love  who has been betrothed to a corrupt Roman Senator. As Mount Vesuvius erupts  he must fight to save his beloved as Pompeii crumbles around him.,5.7,2014,Kit Harington  Emily Browning  Kiefer Sutherland,
16,images/RoboCop.jpg,RoboCop ,Action,In 2028 Detroit  when Alex Murphy - a loving husband  father and good cop - is critically injured in the line of duty  the multinational conglomerate OmniCorp sees their chance for a part-man  part-robot police officer.,6.4,2014,Joel Kinnaman  Gary Oldman  Michael Keaton,
17,images/X-Men.jpg,X-Men,Action,Two mutants come to a private academy for their kind whose resident superhero team must oppose a terrorist organization with similar powers.,7.4,2000,Patrick Stewart  Hugh Jackman  Ian McKellen,
18,images/3-Days-to-Kill.jpg,3 Days to Kill ,Action,A dying CIA agent trying to reconnect with his estranged daughter is offered an experimental drug that could save his life in exchange for one last assignment.,6.2,2014,Kevin Costner  Hailee Steinfeld  Connie Nielsen,
19,images/X-Men-The-Last-Stand.jpg,X-Men: The Last Stand,Action,When a cure is found to treat mutations  lines are drawn amongst the X-Men  led by Professor Charles Xavier  and the Brotherhood  a band of powerful mutants organized under Xavier's former ally  Magneto.,6.8,2006,Patrick Stewart  Hugh Jackman  Halle Berry,
20,images/Jack-Ryan-Shadow-Recruit.jpg,Jack Ryan: Shadow Recruit,Action,Jack Ryan  as a young covert CIA analyst  uncovers a Russian plot to crash the U.S. economy with a terrorist attack.,6.2,2014,Chris Pine  Kevin Costner  Keira Knightley,
21,images/Vampire-Academy.jpg,Vampire Academy ,Action,Rose Hathaway is a Dhampir  half human-half vampire  a guardian of the Moroi  peaceful  mortal vampires living discreetly within our world. Her calling is to protect the Moroi from bloodthirsty  immortal Vampires  the Strigoi.,5.8,2014,Zoey Deutch  Lucy Fry  Danila Kozlovsky,
22,images/X-Men-Origins-Wolverine.jpg,X-Men Origins: Wolverine,Action,A look at Wolverine's early life  in particular his time with the government squad Team X and the impact it will have on his later years.,6.8,2009,Hugh Jackman  Liev Schreiber  Ryan Reynolds,
23,images/X-Men-2.jpg,X-Men 2,Action,The X-Men band together to find a mutant assassin who has made an attempt on the President's life  while the Mutant Academy is attacked by military forces.,7.5,2003,Patrick Stewart  Hugh Jackman  Halle Berry,
24,images/21-Jump-Street.jpg,21 Jump Street,Action,A pair of underachieving cops are sent back to a local high school to blend in and bring down a synthetic drug ring.,7.2,2012,Jonah Hill  Channing Tatum  Ice Cube,
25,images/The-Avengers.jpg,The Avengers ,Action,Nick Fury of S.H.I.E.L.D. assembles a team of superheroes to save the planet from Loki and his army.,8.2,2012,Robert Downey Jr.  Chris Evans  Scarlett Johansson,
26,images/The-Dark-Knight.jpg,The Dark Knight,Action,When Batman  Gordon and Harvey Dent launch an assault on the mob  they let the clown out of the box  the Joker  bent on turning Gotham on itself and bringing any heroes down to his level.,9,2008,Christian Bale  Heath Ledger  Aaron Eckhart,
27,images/I-Frankenstein.jpg,I Frankenstein,Action,Frankenstein's creature finds himself caught in an all-out  centuries old war between two immortal clans.,5.2,2014,Aaron Eckhart  Bill Nighy  Miranda Otto,
28,images/Fast-&-Furious-6.jpg,Fast & Furious 6,Action,Hobbs has Dom and Brian reassemble their crew in order to take down a mastermind who commands an organization of mercenary drivers across 12 countries. Payment? Full pardons for them all.,7.2,2013,Vin Diesel  Paul Walker  Dwayne Johnson,
29,images/Star-Trek-Into-Darkness.jpg,Star Trek Into Darkness,Action,After the crew of the Enterprise find an unstoppable force of terror from within their own organization  Captain Kirk leads a manhunt to a war-zone world to capture a one-man weapon of mass destruction.,7.9,2013,Chris Pine  Zachary Quinto  Zoe Saldana ,
30,images/The-Dark-Knight-Rises.jpg,The Dark Knight Rises,Action,Eight years after the Joker's reign of anarchy  the Dark Knight must return to defend Gotham City against the enigmatic jewel thief Catwoman and the ruthless mercenary Bane as the city teeters on the brink of complete annihilation.,8.6,2012,Christian Bale  Tom Hardy  Anne Hathaway,
31,images/Kick-Ass-2.jpg,Kick-Ass 2 ,Action,The costumed high-school hero Kick-Ass joins with a group of normal citizens who have been inspired to fight crime in costume. Meanwhile  the Red Mist plots an act of revenge that will affect everyone Kick-Ass knows.,6.8,2013,Aaron Taylor-Johnson  Chloë Grace Moretz,
32,images/The-Wolverine.jpg,The Wolverine,Action,When Wolverine is summoned to Japan by an old acquaintance  he is embroiled in a conflict that forces him to confront his own demons.,6.8,2013,Hugh Jackman  Will Yun Lee  Tao Okamoto,
33,images/The-Mortal-Instruments-City-of-Bones.jpg,The Mortal Instruments: City of Bones,Action,When her mother disappears  Clary Fray learns that she descends from a line of warriors who protect our world from demons. She joins forces with others like her and heads into a dangerous alternate New York called Downworld.,6,2013,Lily Collins  Jamie Campbell Bower  Robert Sheehan,
34,images/R.I.P.D..jpg,R.I.P.D.,Action,A recently slain cop joins a team of undead police officers working for the Rest in Peace Department and tries to find the man who murdered him.,5.6,2013,Ryan Reynolds  Jeff Bridges  Mary-Louise Parker,
35,images/The-Amazing-Spider-Man.jpg,The Amazing Spider-Man,Action,Peter Parker finds a clue that might help him understand why his parents disappeared when he was young. His path puts him on a collision course with Dr. Curt Connors  his father's former partner.,7.1,2012,Andrew Garfield  Emma Stone  Rhys Ifans,
36,images/Man-of-Steel.jpg,Man of Steel ,Action,A young itinerant worker is forced to confront his secret extrastellar origin when Earth is invaded by members of his own race.,7.3,2013,Henry Cavill  Amy Adams  Michael Shannon,
37,images/Machete-Kills.jpg,Machete Kills,Action,The U.S. government recruits Machete to battle his way through Mexico in order to take down an arms dealer who looks to launch a weapon into space.,5.7,2013,Danny Trejo  Alexa PenaVega  Mel Gibson,
38,images/The-Legend-of-Hercules.jpg,The Legend of Hercules,Action,The origin story of the the mythical Greek hero. Betrayed by his stepfather  the King  and exiled and sold into slavery because of a forbidden love  Hercules must use his formidable powers to fight his way back to his rightful kingdom.,4.2,2013,2014,Kellan Lutz  Gaia Weiss  Scott Adkins 
39,images/Pacific-Rim.jpg,Pacific Rim ,Action,As a war between humankind and monstrous sea creatures wages on  a former pilot and a trainee are paired up to drive a seemingly obsolete special weapon in a desperate effort to save the world from the apocalypse.,7.1,2013,Idris Elba  Charlie Hunnam  Rinko Kikuchi,
40,images/Thor-The-Dark-World.jpg,Thor: The Dark World,Action,When Jane Foster is possessed by a great power  Thor must protect her from a new threat of old times: the Dark Elves.,7.2,2013,Chris Hemsworth  Natalie Portman  Tom Hiddleston,
41,images/The-Maze-Runner.jpg,The Maze Runner,Action,A group of boys  with no memories of their past lives  must escape a massive maze infested with deadly creatures.,6.5,2014,Thomas Brodie-Sangster  Dylan O'Brien  Will Poulter,
42,images/White-House-Down.jpg,White House Down,Action,While on a tour of the White House with his young daughter  a Capitol policeman springs into action to save his child and protect the president from a heavily armed group of paramilitary invaders.,6.4,2013,Channing Tatum  Jamie Foxx  Maggie Gyllenhaal,
43,images/Star-Wars-Episode IV-A-New-Hope.jpg,Star Wars: Episode IV - A New Hope,Action,Luke Skywalker joins forces with a Jedi Knight  a cocky pilot  a wookiee and two droids to save the universe from the Empire's world-destroying battle-station  while also attempting to rescue Princess Leia from the evil Darth Vader.,8.7,1977,Mark Hamill  Harrison Ford  Carrie Fisher,
44,images/Inception.jpg,Inception ,Action,A skilled extractor is offered a chance to regain his old life as payment for a task considered to be impossible.,8.8,2010,Leonardo DiCaprio  Joseph Gordon-Levitt  Ellen Page,
45,images/Oblivion.jpg,Oblivion ,Action,A veteran assigned to extract Earth's remaining resources begins to question what he knows about his mission and himself.,7,2013,Tom Cruise  Morgan Freeman  Andrea Riseborough,
46,images/300.jpg,300,Action,King Leonidas and a force of 300 men fight the Persians at Thermopylae in 480 B.C.,7.8,2006,Gerard Butler  Lena Headey  David Wenham,
47,images/Kick-Ass.jpg,Kick-Ass ,Action,Dave Lizewski is an unnoticed high school student and comic book fan who one day decides to become a super-hero  even though he has no powers  training or meaningful reason to do so.,7.8,2010,Aaron Taylor-Johnson  Nicolas Cage  Chloë Grace Moretz,
48,images/Noah.jpg,Noah,Action,A man is chosen by his world's creator to undertake a momentous mission before an apocalyptic flood cleanses the world.,6.4,2014,Russell Crowe  Jennifer Connelly  Anthony Hopkins,
49,images/Star-Trek.jpg,Star Trek ,Action,The brash James T. Kirk tries to live up to his father's legacy with Mr. Spock keeping him in check as a vengeful  time-traveling Romulan creates black holes to destroy the Federation one planet at a time.,8,2009,Chris Pine  Zachary Quinto  Simon Pegg ,
50,images/Iron-Man-3.jpg,Iron Man 3,Action,When Tony Stark's world is torn apart by a formidable terrorist called the Mandarin  he starts an odyssey of rebuilding and retribution.,7.4,2013,Robert Downey Jr.  Guy Pearce  Gwyneth Paltrow ,
51,images/Sex-Tape.jpg,Sex Tape,Comedy,A married couple wake up to discover that the sex tape they made the evening before has gone missing leading to a frantic search for its whereabouts.,5,2014,Jason Segel-Cameron Diaz-Rob Corddry,
52,images/Wish-I-Was-Here.jpg,Wish I Was Here,Comedy,Aidan Bloom is a 35-year-old man who finds himself at major crossroads which forces him to examine his life his career and his family.,7.2,2014,Zach Braff-Joey King-Pierce Gagnon,
53,images/Tammy.jpg,Tammy ,Comedy,After losing her job and learning that her husband has been unfaithful a woman hits the road with her profane hard-drinking grandmother.,4.7,2014 Melissa McCarthy-Susan Sarandon-Kathy Bates ,,
54,images/22-Jump-Street.jpg,22 Jump Street,Comedy,After making their way through high school (twice) big changes are in store for officers Schmidt and Jenko when they go deep undercover at a local college.,7.8,2014,Channing Tatum-Jonah Hill-Ice Cube,
55,images/The-Lego-Movie.jpg,The Lego Movie,Comedy,An ordinary Lego construction worker thought to be the prophesied 'Special' is recruited to join a quest to stop an evil tyrant from gluing the Lego universe into eternal stasis.,8,2014,Will Arnett-Elizabeth Banks-Alison Brie,
56,images/Frozen.jpg,Frozen,Comedy,Fearless optimist Anna teams up with Kristoff in an epic journey encountering Everest-like conditions and a hilarious snowman named Olaf in a race to find Anna's sister Elsa whose icy powers have trapped the kingdom in eternal winter.,7.8,2013,Kristen Bell-Idina Menzel-Jonathan Groff,
57,images/Begin-Again.jpg,Begin Again,Comedy,A chance encounter between a disgraced music-business executive and a young singer-songwriter new to Manhattan turns into a promising collaboration between the two talents.,7.8,2013,Keira Knightley-Mark Ruffalo-Adam Levine,
58,images/The-Other-Woman.jpg,The Other Woman,Comedy,After discovering her boyfriend is married Carly soon meets the wife he's been betraying. And when yet another love affair is discovered all three women team up to plot revenge on the three-timing S.O.B.,6.2,2014,Cameron Diaz-Leslie Mann-Kate Upton,
59,images/The-Grand-Budapest-Hotel.jpg,The Grand Budapest Hotel,Comedy,The adventures of Gustave H a legendary concierge at a famous European hotel between the wars and Zero Moustafa the lobby boy who becomes his most trusted friend.,8.2,2014,Ralph Fiennes-F. Murray Abraham-Mathieu Amalric,
60,images/laggies.jpg,laggies,Comedy,A woman stuck in permanent adolescence lies to her fiancé about going on a retreat and spends the time hanging out with friends instead.,8.1,2014,Chloë Grace Moretz-Keira Knightley-Ellie Kemper ,
61,images/Behaving-Badly.jpg,Behaving Badly,Comedy,Teenager Rick Stevens has a crush on Nina Pennington they form a friendship and embark on a rock n' roll journey together while Nina deals with her overbearing boyfriend Kevin.,4.4,2014,Nat Wolff-Selena Gomez-Mary-Louise Parker,
62,images/Planes:-Fire-Rescue.jpg,Planes: Fire & Rescue,Comedy,When Dusty learns that his engine is damaged and he may never race again he joins a forest fire and rescue unit to be trained as a firefighter.,5.8,2014,Dane Cook-Ed Harris-Julie Bowen,
63,images/The-Wolf-of-Wall-Street.jpg,The Wolf of Wall Street,Comedy,Based on the true story of Jordan Belfort from his rise to a wealthy stock-broker living the high life to his fall involving crime corruption and the federal government.,8.3,2013,Leonardo DiCaprio-Jonah Hill-Margot Robbie,
64,images/Neighbors.jpg,Neighbors ,Comedy,A couple with a newborn baby face unexpected difficulties after they are forced to live next to a fraternity house.,6.9,2014,Seth Rogen-Rose Byrne-Zac Efron,
65,images/Rio-2.jpg,Rio 2,Comedy,It's a jungle out there for Blu Jewel and their three kids after they're hurtled from Rio de Janeiro to the wilds of the Amazon. As Blu tries to fit in he goes beak-to-beak with the vengeful Nigel and meets his father-in-law.,6.5,2014,Jesse Eisenberg-Anne Hathaway-Jemaine Clement,
66,images/Blended.jpg,Blended ,Comedy,After a bad blind date a man and woman find themselves stuck together at a resort for families where their attraction grows as their respective kids benefit from the burgeoning relationship.,6.5,2014,Adam Sandler-Drew Barrymore-Wendi McLendon-Covey,
67,images/Ghostbusters.jpg,Ghostbusters ,Comedy,Three unemployed parapsychology professors set up shop as a unique ghost removal service.,7.8,1984,Bill Murray-Dan Aykroyd-Sigourney Weaver,
68,images/Chef.jpg,Chef,Comedy,A chef who loses his restaurant job starts up a food truck in an effort to reclaim his creative promise while piecing back together his estranged family.,7.8,2014,Jon Favreau-Robert Downey Jr.-Scarlett Johansson,
69,images/A-Million-Ways-to-Die-in-the-West.jpg,A Million Ways to Die in the West,Comedy,As a cowardly farmer begins to fall for the mysterious new woman in town he must put his new-found courage to the test when her husband a notorious gun-slinger announces his arrival.,6.2,2014,Seth MacFarlane-Charlize Theron-Liam Neeson,
70,images/21-Jump-Street.jpg,21 Jump Street,Comedy,A pair of underachieving cops are sent back to a local high school to blend in and bring down a synthetic drug ring.,7.2,2012,Jonah Hill-Channing Tatum-Ice Cube,
71,images/Muppets-Most-Wanted.jpg,Muppets Most Wanted,Comedy,While on a grand world tour The Muppets find themselves wrapped into an European jewel-heist caper headed by a Kermit the Frog look-alike and his dastardly sidekick.,6.7,2014,Ricky Gervais-Ty Burrell-Tina Fey,
72,images/Let's-Be-Cops.jpg,Let's Be Cops,Comedy,Two struggling pals dress as police officers for a costume party and become neighborhood sensations. But when these newly-minted heroes get tangled in a real life web of mobsters and dirty detectives they must put their fake badges on the line.,8.1,2014,Nina Dobrev-Angela Kerecz-Jake Johnson,
73,images/We're-the-Millers.jpg,We're the Millers,Comedy,A veteran pot dealer creates a fake family as part of his plan to move a huge shipment of weed into the U.S. from Mexico.,7.1,2013,Jason Sudeikis-Jennifer Aniston-Emma Roberts,
74,images/That-Awkward-Moment.jpg,That Awkward Moment,Comedy,Three best friends find themselves where we've all been - at that confusing moment in every dating relationship when you have to decide So...where is this going?,6.2,2014,Zac Efron-Michael B. Jordan-Miles Teller,
75,images/Pitch-Perfect.jpg,Pitch Perfect ,Comedy,Beca a freshman at Barden University is cajoled into joining The Bellas her school's all-girls singing group. Injecting some much needed energy into their repertoire The Bellas take on their male rivals in a campus competition.,7.3,2012,Anna Kendrick-Brittany Snow-Rebel Wilson,
76,images/Think-Like-a-Man-Too.jpg,Think Like a Man Too,Comedy,All the couples are back for a wedding in Las Vegas but plans for a romantic weekend go awry when their various misadventures get them into some compromising situations that threaten to derail the big event.,5.5,2014,Kevin Hart-Gabrielle Union-Wendi McLendon-Covey,
77,images/Bad-Words.jpg,Bad Words,Comedy,A spelling bee loser sets out to exact revenge by finding a loophole and attempting to win as an adult.,6.8,2013,Jason Bateman-Kathryn Hahn-Allison Janney,
78,images/Mean-Girls.jpg,Mean Girls,Comedy,Cady Heron is a hit with The Plastics the A-list girl clique at her new school until she makes the mistake of falling for Aaron Samuels the ex-boyfriend of alpha Plastic Regina George.,7,2004,Lindsay Lohan-Jonathan Bennett-Rachel McAdams,
79,images/This-Is-the-End.jpg,This Is the End ,Comedy,While attending a party at James Franco's house Seth Rogen Jay Baruchel and many other celebrities are faced with the apocalypse.,6.8,2013,James Franco-Jonah Hill-Seth Rogen,
80,images/Magic-Mike.jpg,Magic Mike,Comedy,A male stripper teaches a younger performer how to party pick up women and make easy money.,6.1,2012,Channing Tatum-Alex Pettyfer-Olivia Munn,
81,images/Kick-Ass-2.jpg,Kick-Ass 2 ,Comedy,The costumed high-school hero Kick-Ass joins with a group of normal citizens who have been inspired to fight crime in costume. Meanwhile the Red Mist plots an act of revenge that will affect everyone Kick-Ass knows.,6.7,2013,Aaron Taylor-Johnson-Chloë Grace Moretz,
82,images/Magic-in-the-Moonlight.jpg,Magic in the Moonlight,,A romantic comedy about an Englishman brought in to help unmask a possible swindle. Personal and professional complications ensue.,7.1,2014,Colin Firth-Antonia Clarke-Natasha Andrews,
83,images/The-Secret-Life-of-Walter-Mitty.jpg,The Secret Life of Walter Mitty,Comedy,A day-dreamer escapes his anonymous life by disappearing into a world of fantasies filled with heroism romance and action. When his job along with that of his co-worker are threatened he takes action in the real world embarking on a global journey that turns into an adventure more extraordinary than anything he could have ever imagined.,7.4,2013,Ben Stiller-Kristen Wiig-Jon Daly,
84,images/L'écume-des-jours.jpg,L'écume des jours,Comedy,Wealthy inventive bachelor Colin endeavors to find a cure for his lover Chloe after she's diagnosed with an unusual illness caused by a flower growing in her lungs.,6.6,2013,Romain Duris-Audrey Tautou-Gad Elmaleh,
85,images/Walk-of-Shame.jpg,Walk of Shame,Comedy,A reporter's dream of becoming a news anchor is compromised after a one-night stand leaves her stranded in downtown L.A. without a phone car ID or money - and only 8 hours to make it to the most important job interview of her life.,6.1,2014,Elizabeth Banks-James Marsden-Gillian Jacobs,
86,images/Don-Jon.jpg,Don Jon,Comedy,A New Jersey guy dedicated to his family friends and church develops unrealistic expectations from watching porn and works to find happiness and intimacy with his potential true love.,6.7,2013,Joseph Gordon-Levitt-Scarlett Johansson-Julianne Moore ,
87,images/Grown-Ups-2.jpg,Grown Ups 2,Comedy,After moving his family back to his hometown to be with his friends and their kids Lenny finds out that between old bullies new bullies schizo bus drivers drunk cops on skis and 400 costumed party crashers sometimes crazy follows you.,5.4,2013,Adam Sandler-Kevin James-Chris Rock,
88,images/A-Long-Way-Down.jpg,A Long Way Down,Comedy,Four people meet on New Year's Eve and form a surrogate family to help one another weather the difficulties of their lives.,6.4,2014,Pierce Brosnan-Toni Collette-Imogen Poots,
89,images/The-One-I-Love.jpg,The One I Love,Comedy,Struggling with a marriage on the brink of falling apart a couple escapes for a weekend in pursuit of their better selves only to discover an unusual dilemma that awaits them.,7.3,2014,Mark Duplass-Elisabeth Moss-Ted Danson,
90,images/American-Pie.jpg,American Pie,Comedy,Four teenage boys enter a pact to lose their virginity by prom night.,7,1999,Jason Biggs-Chris Klein-Thomas Ian Nicholas,
91,images/Clueless.jpg,Clueless,Comedy,A rich high school student tries to boost a new pupil's popularity but reckons without affairs of the heart getting in the way.,6.7,1995,Alicia Silverstone-Stacey Dash-Brittany Murphy,
92,images/And-So-It-Goes.jpg,And So It Goes,Comedy,A self-centered realtor enlists the help of his neighbor when he's suddenly left in charge of the granddaughter he never knew existed until his estranged son drops her off at his home.,5.1,2014,Michael Douglas-Diane Keaton-Sterling Jerins,
93,images/Pain-Gain.jpg,Pain & Gain,Comedy,A trio of bodybuilders in Florida get caught up in an extortion ring and a kidnapping scheme that goes terribly wrong.,6.5,2013,Mark Wahlberg-Dwayne Johnson-Anthony Mackie,
94,images/The-Parent-Trap.jpg,The Parent Trap,Comedy,Identical twins separated at birth and each raised by one of their biological parents discover each other for the first time at summer camp and make a plan to bring their wayward parents back together.,6.3,1998,Lindsay Lohan-Dennis Quaid-Natasha Richardson,
95,images/The-Princess-Bride.jpg,The Princess Bride,Comedy,A classic fairy tale with swordplay giants an evil prince a beautiful princess and yes some kissing (as read by a kindly grandfather).,8.2,1987,Cary Elwes-Mandy Patinkin-Robin Wright ,
96,images/The-Goonies.jpg,The Goonies,Comedy,A group of kids set out on an adventure in search of pirate treasure that could save their homes from foreclosure.,7.8,1985,Sean Astin-Josh Brolin-Jeff Cohen,
97,images/Crazy-Stupid-Love.jpg,Crazy Stupid Love. ,Comedy,A middle-aged husband's life changes dramatically when his wife asks him for a divorce. He seeks to rediscover his manhood with the help of a newfound friend Jacob learning to pick up girls at bars.,7.5,2011,Steve Carell-Ryan Gosling-Julianne Moore,
98,images/Mrs.-Brown's-Boys-D'Movie.jpg,Mrs. Brown's Boys D'Movie,Comedy,A company tries to shut down Mrs Brown's fruit and veg stall. They can feck off.,3.9,2014,Brendan O'Carroll-Jennifer Gibney-Eilish O'Carroll,
99,images/10-Things-I-Hate-About-You.jpg,10 Things I Hate About You,Comedy,A new kid must find a guy to date the meanest girl in school the older sister of the girl he has a crush on who cannot date until her older sister does.,7.2,1999,Heath Ledger-Julia Stiles-Joseph Gordon-Levitt,
100,images/The-Heat.jpg,The Heat,Comedy,An uptight FBI Special Agent is paired with a foul-mouthed Boston cop to take down a ruthless drug lord.,6.7,2013,Sandra Bullock-Michael McDonald-Melissa McCarthy,
101,,,,,,,,
102,,,,,,,,
103,,,,,,,,
104,,,,,,,,
105,,,,,,,,
106,,,,,,,,
107,,,,,,,,
108,,,,,,,,
109,,,,,,,,
110,,,,,,,,
111,,,,,,,,
112,,,,,,,,
113,,,,,,,,
114,,,,,,,,
115,,,,,,,,
116,,,,,,,,
117,,,,,,,,
118,,,,,,,,
119,,,,,,,,
120,,,,,,,,
121,,,,,,,,
122,,,,,,,,
123,,,,,,,,
124,,,,,,,,
125,,,,,,,,
126,,,,,,,,
127,,,,,,,,
128,,,,,,,,
129,,,,,,,,
130,,,,,,,,
131,,,,,,,,
132,,,,,,,,
133,,,,,,,,
134,,,,,,,,
135,,,,,,,,
136,,,,,,,,
137,,,,,,,,
138,,,,,,,,
139,,,,,,,,
140,,,,,,,,
141,,,,,,,,
142,,,,,,,,
143,,,,,,,,
144,,,,,,,,
145,,,,,,,,
146,,,,,,,,
147,,,,,,,,
148,,,,,,,,
149,,,,,,,,
150,,,,,,,,
151,,,,,,,,
152,,,,,,,,
153,,,,,,,,
154,,,,,,,,
155,,,,,,,,
156,,,,,,,,
157,,,,,,,,
158,,,,,,,,
159,,,,,,,,
160,,,,,,,,
161,,,,,,,,
162,,,,,,,,
163,,,,,,,,
164,,,,,,,,
165,,,,,,,,
166,,,,,,,,
167,,,,,,,,
168,,,,,,,,
169,,,,,,,,
170,,,,,,,,
171,,,,,,,,
172,,,,,,,,
173,,,,,,,,
174,,,,,,,,
175,,,,,,,,
176,,,,,,,,
177,,,,,,,,
178,,,,,,,,
179,,,,,,,,
180,,,,,,,,
181,,,,,,,,
182,,,,,,,,
183,,,,,,,,
184,,,,,,,,
185,,,,,,,,
186,,,,,,,,
187,,,,,,,,
188,,,,,,,,
189,,,,,,,,
190,,,,,,,,
191,,,,,,,,
192,,,,,,,,
193,,,,,,,,
194,,,,,,,,
195,,,,,,,,
196,,,,,,,,
197,,,,,,,,
198,,,,,,,,
199,,,,,,,,
200,,,,,,,,
201,,,,,,,,
202,,,,,,,,
203,,,,,,,,
204,,,,,,,,
205,,,,,,,,
206,,,,,,,,
207,,,,,,,,
208,,,,,,,,
209,,,,,,,,
210,,,,,,,,
211,,,,,,,,
212,,,,,,,,
213,,,,,,,,
214,,,,,,,,
215,,,,,,,,
216,,,,,,,,
217,,,,,,,,
218,,,,,,,,
219,,,,,,,,
220,,,,,,,,
221,,,,,,,,
222,,,,,,,,
223,,,,,,,,
224,,,,,,,,
225,,,,,,,,
226,,,,,,,,
227,,,,,,,,
228,,,,,,,,
229,,,,,,,,
230,,,,,,,,
231,,,,,,,,
232,,,,,,,,
233,,,,,,,,
234,,,,,,,,
235,,,,,,,,
236,,,,,,,,
237,,,,,,,,
238,,,,,,,,
239,,,,,,,,
240,,,,,,,,
241,,,,,,,,
242,,,,,,,,
243,,,,,,,,
244,,,,,,,,
245,,,,,,,,
246,,,,,,,,
247,,,,,,,,
248,,,,,,,,
249,,,,,,,,
250,,,,,,,,
251,,,,,,,,
252,,,,,,,,
253,,,,,,,,
254,,,,,,,,
255,,,,,,,,
256,,,,,,,,
257,,,,,,,,
258,,,,,,,,
259,,,,,,,,
260,,,,,,,,
261,,,,,,,,
262,,,,,,,,
263,,,,,,,,
264,,,,,,,,
265,,,,,,,,
266,,,,,,,,
267,,,,,,,,
268,,,,,,,,
269,,,,,,,,
270,,,,,,,,
271,,,,,,,,
272,,,,,,,,
273,,,,,,,,
274,,,,,,,,
275,,,,,,,,
276,,,,,,,,
277,,,,,,,,
278,,,,,,,,
279,,,,,,,,
280,,,,,,,,
281,,,,,,,,
282,,,,,,,,
283,,,,,,,,
284,,,,,,,,
285,,,,,,,,
286,,,,,,,,
287,,,,,,,,
288,,,,,,,,
289,,,,,,,,
290,,,,,,,,
291,,,,,,,,
292,,,,,,,,
293,,,,,,,,
294,,,,,,,,
295,,,,,,,,
296,,,,,,,,
297,,,,,,,,
298,,,,,,,,
299,,,,,,,,
300,,,,,,,,
301,,,,,,,,
302,,,,,,,,
303,,,,,,,,
304,,,,,,,,
305,,,,,,,,
306,,,,,,,,
307,,,,,,,,
308,,,,,,,,
309,,,,,,,,
310,,,,,,,,
311,,,,,,,,
312,,,,,,,,
313,,,,,,,,
314,,,,,,,,
315,,,,,,,,
316,,,,,,,,
317,,,,,,,,
318,,,,,,,,
319,,,,,,,,
320,,,,,,,,
321,,,,,,,,
322,,,,,,,,
323,,,,,,,,
324,,,,,,,,
325,,,,,,,,
326,,,,,,,,
327,,,,,,,,
328,,,,,,,,
329,,,,,,,,
330,,,,,,,,
331,,,,,,,,
332,,,,,,,,
333,,,,,,,,
334,,,,,,,,
335,,,,,,,,
336,,,,,,,,
337,,,,,,,,
338,,,,,,,,
339,,,,,,,,
340,,,,,,,,
341,,,,,,,,
342,,,,,,,,
343,,,,,,,,
344,,,,,,,,
345,,,,,,,,
346,,,,,,,,
347,,,,,,,,
348,,,,,,,,
349,,,,,,,,
350,,,,,,,,
351,,,,,,,,
352,,,,,,,,
353,,,,,,,,
354,,,,,,,,
355,,,,,,,,
356,,,,,,,,
357,,,,,,,,
358,,,,,,,,
359,,,,,,,,
360,,,,,,,,
361,,,,,,,,
362,,,,,,,,
363,,,,,,,,
364,,,,,,,,
365,,,,,,,,
366,,,,,,,,
367,,,,,,,,
368,,,,,,,,
369,,,,,,,,
370,,,,,,,,
371,,,,,,,,
372,,,,,,,,
373,,,,,,,,
374,,,,,,,,
375,,,,,,,,
376,,,,,,,,
377,,,,,,,,
378,,,,,,,,
379,,,,,,,,
380,,,,,,,,
381,,,,,,,,
382,,,,,,,,
383,,,,,,,,
384,,,,,,,,
385,,,,,,,,
386,,,,,,,,
387,,,,,,,,
388,,,,,,,,
389,,,,,,,,
390,,,,,,,,
391,,,,,,,,
392,,,,,,,,
393,,,,,,,,
394,,,,,,,,
395,,,,,,,,
396,,,,,,,,
397,,,,,,,,
398,,,,,,,,
399,,,,,,,,
400,,,,,,,,
401,,,,,,,,
402,,,,,,,,
403,,,,,,,,
404,,,,,,,,
405,,,,,,,,
406,,,,,,,,
407,,,,,,,,
408,,,,,,,,
409,,,,,,,,
410,,,,,,,,
411,,,,,,,,
412,,,,,,,,
413,,,,,,,,
414,,,,,,,,
415,,,,,,,,
416,,,,,,,,
417,,,,,,,,
418,,,,,,,,
419,,,,,,,,
420,,,,,,,,
421,,,,,,,,
422,,,,,,,,
423,,,,,,,,
424,,,,,,,,
425,,,,,,,,
426,,,,,,,,
427,,,,,,,,
428,,,,,,,,
429,,,,,,,,
430,,,,,,,,
431,,,,,,,,
432,,,,,,,,
433,,,,,,,,
434,,,,,,,,
435,,,,,,,,
436,,,,,,,,
437,,,,,,,,
438,,,,,,,,
439,,,,,,,,
440,,,,,,,,
441,,,,,,,,
442,,,,,,,,
443,,,,,,,,
444,,,,,,,,
445,,,,,,,,
446,,,,,,,,
447,,,,,,,,
448,,,,,,,,
449,,,,,,,,
450,,,,,,,,
451,,,,,,,,
452,,,,,,,,
453,,,,,,,,
454,,,,,,,,
455,,,,,,,,
456,,,,,,,,
457,,,,,,,,
458,,,,,,,,
459,,,,,,,,
460,,,,,,,,
461,,,,,,,,
462,,,,,,,,
463,,,,,,,,
464,,,,,,,,
465,,,,,,,,
466,,,,,,,,
467,,,,,,,,
468,,,,,,,,
469,,,,,,,,
470,,,,,,,,
471,,,,,,,,
472,,,,,,,,
473,,,,,,,,
474,,,,,,,,
475,,,,,,,,
476,,,,,,,,
477,,,,,,,,
478,,,,,,,,
479,,,,,,,,
480,,,,,,,,
481,,,,,,,,
482,,,,,,,,
483,,,,,,,,
484,,,,,,,,
485,,,,,,,,
486,,,,,,,,
487,,,,,,,,
488,,,,,,,,
489,,,,,,,,
490,,,,,,,,
491,,,,,,,,
492,,,,,,,,
493,,,,,,,,
494,,,,,,,,
495,,,,,,,,
496,,,,,,,,
497,,,,,,,,
498,,,,,,,,
499,,,,,,,,
500,,,,,,,,
501,,,,,,,,
502,,,,,,,,
503,,,,,,,,
504,,,,,,,,
505,,,,,,,,
506,,,,,,,,
507,,,,,,,,
508,,,,,,,,
509,,,,,,,,
510,,,,,,,,
511,,,,,,,,
512,,,,,,,,
513,,,,,,,,
514,,,,,,,,
515,,,,,,,,
516,,,,,,,,
517,,,,,,,,
518,,,,,,,,
519,,,,,,,,
520,,,,,,,,
521,,,,,,,,
522,,,,,,,,
523,,,,,,,,
524,,,,,,,,
525,,,,,,,,
526,,,,,,,,
527,,,,,,,,
528,,,,,,,,
529,,,,,,,,
530,,,,,,,,
531,,,,,,,,
